Balance,5000,APR %,18,Monthly payment,200

Month,Start,Interest,Payment,End
1,=B1,"=ROUND(B4*$D$1/100/12,2)","=MIN($F$1,B4+C4)",=B4+C4-D4
2,=E4,"=ROUND(B5*$D$1/100/12,2)","=MIN($F$1,B5+C5)",=B5+C5-D5
3,=E5,"=ROUND(B6*$D$1/100/12,2)","=MIN($F$1,B6+C6)",=B6+C6-D6
4,=E6,"=ROUND(B7*$D$1/100/12,2)","=MIN($F$1,B7+C7)",=B7+C7-D7
5,=E7,"=ROUND(B8*$D$1/100/12,2)","=MIN($F$1,B8+C8)",=B8+C8-D8
6,=E8,"=ROUND(B9*$D$1/100/12,2)","=MIN($F$1,B9+C9)",=B9+C9-D9
7,=E9,"=ROUND(B10*$D$1/100/12,2)","=MIN($F$1,B10+C10)",=B10+C10-D10
8,=E10,"=ROUND(B11*$D$1/100/12,2)","=MIN($F$1,B11+C11)",=B11+C11-D11
9,=E11,"=ROUND(B12*$D$1/100/12,2)","=MIN($F$1,B12+C12)",=B12+C12-D12
10,=E12,"=ROUND(B13*$D$1/100/12,2)","=MIN($F$1,B13+C13)",=B13+C13-D13
11,=E13,"=ROUND(B14*$D$1/100/12,2)","=MIN($F$1,B14+C14)",=B14+C14-D14
12,=E14,"=ROUND(B15*$D$1/100/12,2)","=MIN($F$1,B15+C15)",=B15+C15-D15
13,=E15,"=ROUND(B16*$D$1/100/12,2)","=MIN($F$1,B16+C16)",=B16+C16-D16
14,=E16,"=ROUND(B17*$D$1/100/12,2)","=MIN($F$1,B17+C17)",=B17+C17-D17
15,=E17,"=ROUND(B18*$D$1/100/12,2)","=MIN($F$1,B18+C18)",=B18+C18-D18
16,=E18,"=ROUND(B19*$D$1/100/12,2)","=MIN($F$1,B19+C19)",=B19+C19-D19
17,=E19,"=ROUND(B20*$D$1/100/12,2)","=MIN($F$1,B20+C20)",=B20+C20-D20
18,=E20,"=ROUND(B21*$D$1/100/12,2)","=MIN($F$1,B21+C21)",=B21+C21-D21
19,=E21,"=ROUND(B22*$D$1/100/12,2)","=MIN($F$1,B22+C22)",=B22+C22-D22
20,=E22,"=ROUND(B23*$D$1/100/12,2)","=MIN($F$1,B23+C23)",=B23+C23-D23
21,=E23,"=ROUND(B24*$D$1/100/12,2)","=MIN($F$1,B24+C24)",=B24+C24-D24
22,=E24,"=ROUND(B25*$D$1/100/12,2)","=MIN($F$1,B25+C25)",=B25+C25-D25
23,=E25,"=ROUND(B26*$D$1/100/12,2)","=MIN($F$1,B26+C26)",=B26+C26-D26
24,=E26,"=ROUND(B27*$D$1/100/12,2)","=MIN($F$1,B27+C27)",=B27+C27-D27
25,=E27,"=ROUND(B28*$D$1/100/12,2)","=MIN($F$1,B28+C28)",=B28+C28-D28
26,=E28,"=ROUND(B29*$D$1/100/12,2)","=MIN($F$1,B29+C29)",=B29+C29-D29
27,=E29,"=ROUND(B30*$D$1/100/12,2)","=MIN($F$1,B30+C30)",=B30+C30-D30
28,=E30,"=ROUND(B31*$D$1/100/12,2)","=MIN($F$1,B31+C31)",=B31+C31-D31
29,=E31,"=ROUND(B32*$D$1/100/12,2)","=MIN($F$1,B32+C32)",=B32+C32-D32
30,=E32,"=ROUND(B33*$D$1/100/12,2)","=MIN($F$1,B33+C33)",=B33+C33-D33
31,=E33,"=ROUND(B34*$D$1/100/12,2)","=MIN($F$1,B34+C34)",=B34+C34-D34
32,=E34,"=ROUND(B35*$D$1/100/12,2)","=MIN($F$1,B35+C35)",=B35+C35-D35
33,=E35,"=ROUND(B36*$D$1/100/12,2)","=MIN($F$1,B36+C36)",=B36+C36-D36
34,=E36,"=ROUND(B37*$D$1/100/12,2)","=MIN($F$1,B37+C37)",=B37+C37-D37
35,=E37,"=ROUND(B38*$D$1/100/12,2)","=MIN($F$1,B38+C38)",=B38+C38-D38
36,=E38,"=ROUND(B39*$D$1/100/12,2)","=MIN($F$1,B39+C39)",=B39+C39-D39
37,=E39,"=ROUND(B40*$D$1/100/12,2)","=MIN($F$1,B40+C40)",=B40+C40-D40
38,=E40,"=ROUND(B41*$D$1/100/12,2)","=MIN($F$1,B41+C41)",=B41+C41-D41
39,=E41,"=ROUND(B42*$D$1/100/12,2)","=MIN($F$1,B42+C42)",=B42+C42-D42
40,=E42,"=ROUND(B43*$D$1/100/12,2)","=MIN($F$1,B43+C43)",=B43+C43-D43
41,=E43,"=ROUND(B44*$D$1/100/12,2)","=MIN($F$1,B44+C44)",=B44+C44-D44
42,=E44,"=ROUND(B45*$D$1/100/12,2)","=MIN($F$1,B45+C45)",=B45+C45-D45
43,=E45,"=ROUND(B46*$D$1/100/12,2)","=MIN($F$1,B46+C46)",=B46+C46-D46
44,=E46,"=ROUND(B47*$D$1/100/12,2)","=MIN($F$1,B47+C47)",=B47+C47-D47
45,=E47,"=ROUND(B48*$D$1/100/12,2)","=MIN($F$1,B48+C48)",=B48+C48-D48
46,=E48,"=ROUND(B49*$D$1/100/12,2)","=MIN($F$1,B49+C49)",=B49+C49-D49
47,=E49,"=ROUND(B50*$D$1/100/12,2)","=MIN($F$1,B50+C50)",=B50+C50-D50
48,=E50,"=ROUND(B51*$D$1/100/12,2)","=MIN($F$1,B51+C51)",=B51+C51-D51
49,=E51,"=ROUND(B52*$D$1/100/12,2)","=MIN($F$1,B52+C52)",=B52+C52-D52
50,=E52,"=ROUND(B53*$D$1/100/12,2)","=MIN($F$1,B53+C53)",=B53+C53-D53
51,=E53,"=ROUND(B54*$D$1/100/12,2)","=MIN($F$1,B54+C54)",=B54+C54-D54
52,=E54,"=ROUND(B55*$D$1/100/12,2)","=MIN($F$1,B55+C55)",=B55+C55-D55
53,=E55,"=ROUND(B56*$D$1/100/12,2)","=MIN($F$1,B56+C56)",=B56+C56-D56
54,=E56,"=ROUND(B57*$D$1/100/12,2)","=MIN($F$1,B57+C57)",=B57+C57-D57
55,=E57,"=ROUND(B58*$D$1/100/12,2)","=MIN($F$1,B58+C58)",=B58+C58-D58
56,=E58,"=ROUND(B59*$D$1/100/12,2)","=MIN($F$1,B59+C59)",=B59+C59-D59
57,=E59,"=ROUND(B60*$D$1/100/12,2)","=MIN($F$1,B60+C60)",=B60+C60-D60
58,=E60,"=ROUND(B61*$D$1/100/12,2)","=MIN($F$1,B61+C61)",=B61+C61-D61
59,=E61,"=ROUND(B62*$D$1/100/12,2)","=MIN($F$1,B62+C62)",=B62+C62-D62
60,=E62,"=ROUND(B63*$D$1/100/12,2)","=MIN($F$1,B63+C63)",=B63+C63-D63

Months to pay off,"=COUNTIF(D4:D63,"">0"")",,App says,32
Total interest,=SUM(C4:C63),,App says,1313.97
