Target debt (smaller balance),1000,APR %,24,Minimum,50
Other debt,3000,APR %,15,Minimum,90
Total monthly budget (minimums + 60 extra),200

Month,Target start,Target interest,Target payment,Target end,Other start,Other interest,Other payment,Other end
1,=B1,"=ROUND(B6*$D$1/100/12,2)","=MIN(B6+C6,$B$3-MIN($F$2,F6+G6))",=B6+C6-D6,=B2,"=ROUND(F6*$D$2/100/12,2)","=MIN(F6+G6,$B$3-D6)",=F6+G6-H6
2,=E6,"=ROUND(B7*$D$1/100/12,2)","=MIN(B7+C7,$B$3-MIN($F$2,F7+G7))",=B7+C7-D7,=I6,"=ROUND(F7*$D$2/100/12,2)","=MIN(F7+G7,$B$3-D7)",=F7+G7-H7
3,=E7,"=ROUND(B8*$D$1/100/12,2)","=MIN(B8+C8,$B$3-MIN($F$2,F8+G8))",=B8+C8-D8,=I7,"=ROUND(F8*$D$2/100/12,2)","=MIN(F8+G8,$B$3-D8)",=F8+G8-H8
4,=E8,"=ROUND(B9*$D$1/100/12,2)","=MIN(B9+C9,$B$3-MIN($F$2,F9+G9))",=B9+C9-D9,=I8,"=ROUND(F9*$D$2/100/12,2)","=MIN(F9+G9,$B$3-D9)",=F9+G9-H9
5,=E9,"=ROUND(B10*$D$1/100/12,2)","=MIN(B10+C10,$B$3-MIN($F$2,F10+G10))",=B10+C10-D10,=I9,"=ROUND(F10*$D$2/100/12,2)","=MIN(F10+G10,$B$3-D10)",=F10+G10-H10
6,=E10,"=ROUND(B11*$D$1/100/12,2)","=MIN(B11+C11,$B$3-MIN($F$2,F11+G11))",=B11+C11-D11,=I10,"=ROUND(F11*$D$2/100/12,2)","=MIN(F11+G11,$B$3-D11)",=F11+G11-H11
7,=E11,"=ROUND(B12*$D$1/100/12,2)","=MIN(B12+C12,$B$3-MIN($F$2,F12+G12))",=B12+C12-D12,=I11,"=ROUND(F12*$D$2/100/12,2)","=MIN(F12+G12,$B$3-D12)",=F12+G12-H12
8,=E12,"=ROUND(B13*$D$1/100/12,2)","=MIN(B13+C13,$B$3-MIN($F$2,F13+G13))",=B13+C13-D13,=I12,"=ROUND(F13*$D$2/100/12,2)","=MIN(F13+G13,$B$3-D13)",=F13+G13-H13
9,=E13,"=ROUND(B14*$D$1/100/12,2)","=MIN(B14+C14,$B$3-MIN($F$2,F14+G14))",=B14+C14-D14,=I13,"=ROUND(F14*$D$2/100/12,2)","=MIN(F14+G14,$B$3-D14)",=F14+G14-H14
10,=E14,"=ROUND(B15*$D$1/100/12,2)","=MIN(B15+C15,$B$3-MIN($F$2,F15+G15))",=B15+C15-D15,=I14,"=ROUND(F15*$D$2/100/12,2)","=MIN(F15+G15,$B$3-D15)",=F15+G15-H15
11,=E15,"=ROUND(B16*$D$1/100/12,2)","=MIN(B16+C16,$B$3-MIN($F$2,F16+G16))",=B16+C16-D16,=I15,"=ROUND(F16*$D$2/100/12,2)","=MIN(F16+G16,$B$3-D16)",=F16+G16-H16
12,=E16,"=ROUND(B17*$D$1/100/12,2)","=MIN(B17+C17,$B$3-MIN($F$2,F17+G17))",=B17+C17-D17,=I16,"=ROUND(F17*$D$2/100/12,2)","=MIN(F17+G17,$B$3-D17)",=F17+G17-H17
13,=E17,"=ROUND(B18*$D$1/100/12,2)","=MIN(B18+C18,$B$3-MIN($F$2,F18+G18))",=B18+C18-D18,=I17,"=ROUND(F18*$D$2/100/12,2)","=MIN(F18+G18,$B$3-D18)",=F18+G18-H18
14,=E18,"=ROUND(B19*$D$1/100/12,2)","=MIN(B19+C19,$B$3-MIN($F$2,F19+G19))",=B19+C19-D19,=I18,"=ROUND(F19*$D$2/100/12,2)","=MIN(F19+G19,$B$3-D19)",=F19+G19-H19
15,=E19,"=ROUND(B20*$D$1/100/12,2)","=MIN(B20+C20,$B$3-MIN($F$2,F20+G20))",=B20+C20-D20,=I19,"=ROUND(F20*$D$2/100/12,2)","=MIN(F20+G20,$B$3-D20)",=F20+G20-H20
16,=E20,"=ROUND(B21*$D$1/100/12,2)","=MIN(B21+C21,$B$3-MIN($F$2,F21+G21))",=B21+C21-D21,=I20,"=ROUND(F21*$D$2/100/12,2)","=MIN(F21+G21,$B$3-D21)",=F21+G21-H21
17,=E21,"=ROUND(B22*$D$1/100/12,2)","=MIN(B22+C22,$B$3-MIN($F$2,F22+G22))",=B22+C22-D22,=I21,"=ROUND(F22*$D$2/100/12,2)","=MIN(F22+G22,$B$3-D22)",=F22+G22-H22
18,=E22,"=ROUND(B23*$D$1/100/12,2)","=MIN(B23+C23,$B$3-MIN($F$2,F23+G23))",=B23+C23-D23,=I22,"=ROUND(F23*$D$2/100/12,2)","=MIN(F23+G23,$B$3-D23)",=F23+G23-H23
19,=E23,"=ROUND(B24*$D$1/100/12,2)","=MIN(B24+C24,$B$3-MIN($F$2,F24+G24))",=B24+C24-D24,=I23,"=ROUND(F24*$D$2/100/12,2)","=MIN(F24+G24,$B$3-D24)",=F24+G24-H24
20,=E24,"=ROUND(B25*$D$1/100/12,2)","=MIN(B25+C25,$B$3-MIN($F$2,F25+G25))",=B25+C25-D25,=I24,"=ROUND(F25*$D$2/100/12,2)","=MIN(F25+G25,$B$3-D25)",=F25+G25-H25
21,=E25,"=ROUND(B26*$D$1/100/12,2)","=MIN(B26+C26,$B$3-MIN($F$2,F26+G26))",=B26+C26-D26,=I25,"=ROUND(F26*$D$2/100/12,2)","=MIN(F26+G26,$B$3-D26)",=F26+G26-H26
22,=E26,"=ROUND(B27*$D$1/100/12,2)","=MIN(B27+C27,$B$3-MIN($F$2,F27+G27))",=B27+C27-D27,=I26,"=ROUND(F27*$D$2/100/12,2)","=MIN(F27+G27,$B$3-D27)",=F27+G27-H27
23,=E27,"=ROUND(B28*$D$1/100/12,2)","=MIN(B28+C28,$B$3-MIN($F$2,F28+G28))",=B28+C28-D28,=I27,"=ROUND(F28*$D$2/100/12,2)","=MIN(F28+G28,$B$3-D28)",=F28+G28-H28
24,=E28,"=ROUND(B29*$D$1/100/12,2)","=MIN(B29+C29,$B$3-MIN($F$2,F29+G29))",=B29+C29-D29,=I28,"=ROUND(F29*$D$2/100/12,2)","=MIN(F29+G29,$B$3-D29)",=F29+G29-H29
25,=E29,"=ROUND(B30*$D$1/100/12,2)","=MIN(B30+C30,$B$3-MIN($F$2,F30+G30))",=B30+C30-D30,=I29,"=ROUND(F30*$D$2/100/12,2)","=MIN(F30+G30,$B$3-D30)",=F30+G30-H30
26,=E30,"=ROUND(B31*$D$1/100/12,2)","=MIN(B31+C31,$B$3-MIN($F$2,F31+G31))",=B31+C31-D31,=I30,"=ROUND(F31*$D$2/100/12,2)","=MIN(F31+G31,$B$3-D31)",=F31+G31-H31
27,=E31,"=ROUND(B32*$D$1/100/12,2)","=MIN(B32+C32,$B$3-MIN($F$2,F32+G32))",=B32+C32-D32,=I31,"=ROUND(F32*$D$2/100/12,2)","=MIN(F32+G32,$B$3-D32)",=F32+G32-H32
28,=E32,"=ROUND(B33*$D$1/100/12,2)","=MIN(B33+C33,$B$3-MIN($F$2,F33+G33))",=B33+C33-D33,=I32,"=ROUND(F33*$D$2/100/12,2)","=MIN(F33+G33,$B$3-D33)",=F33+G33-H33
29,=E33,"=ROUND(B34*$D$1/100/12,2)","=MIN(B34+C34,$B$3-MIN($F$2,F34+G34))",=B34+C34-D34,=I33,"=ROUND(F34*$D$2/100/12,2)","=MIN(F34+G34,$B$3-D34)",=F34+G34-H34
30,=E34,"=ROUND(B35*$D$1/100/12,2)","=MIN(B35+C35,$B$3-MIN($F$2,F35+G35))",=B35+C35-D35,=I34,"=ROUND(F35*$D$2/100/12,2)","=MIN(F35+G35,$B$3-D35)",=F35+G35-H35
31,=E35,"=ROUND(B36*$D$1/100/12,2)","=MIN(B36+C36,$B$3-MIN($F$2,F36+G36))",=B36+C36-D36,=I35,"=ROUND(F36*$D$2/100/12,2)","=MIN(F36+G36,$B$3-D36)",=F36+G36-H36
32,=E36,"=ROUND(B37*$D$1/100/12,2)","=MIN(B37+C37,$B$3-MIN($F$2,F37+G37))",=B37+C37-D37,=I36,"=ROUND(F37*$D$2/100/12,2)","=MIN(F37+G37,$B$3-D37)",=F37+G37-H37
33,=E37,"=ROUND(B38*$D$1/100/12,2)","=MIN(B38+C38,$B$3-MIN($F$2,F38+G38))",=B38+C38-D38,=I37,"=ROUND(F38*$D$2/100/12,2)","=MIN(F38+G38,$B$3-D38)",=F38+G38-H38
34,=E38,"=ROUND(B39*$D$1/100/12,2)","=MIN(B39+C39,$B$3-MIN($F$2,F39+G39))",=B39+C39-D39,=I38,"=ROUND(F39*$D$2/100/12,2)","=MIN(F39+G39,$B$3-D39)",=F39+G39-H39
35,=E39,"=ROUND(B40*$D$1/100/12,2)","=MIN(B40+C40,$B$3-MIN($F$2,F40+G40))",=B40+C40-D40,=I39,"=ROUND(F40*$D$2/100/12,2)","=MIN(F40+G40,$B$3-D40)",=F40+G40-H40
36,=E40,"=ROUND(B41*$D$1/100/12,2)","=MIN(B41+C41,$B$3-MIN($F$2,F41+G41))",=B41+C41-D41,=I40,"=ROUND(F41*$D$2/100/12,2)","=MIN(F41+G41,$B$3-D41)",=F41+G41-H41
37,=E41,"=ROUND(B42*$D$1/100/12,2)","=MIN(B42+C42,$B$3-MIN($F$2,F42+G42))",=B42+C42-D42,=I41,"=ROUND(F42*$D$2/100/12,2)","=MIN(F42+G42,$B$3-D42)",=F42+G42-H42
38,=E42,"=ROUND(B43*$D$1/100/12,2)","=MIN(B43+C43,$B$3-MIN($F$2,F43+G43))",=B43+C43-D43,=I42,"=ROUND(F43*$D$2/100/12,2)","=MIN(F43+G43,$B$3-D43)",=F43+G43-H43
39,=E43,"=ROUND(B44*$D$1/100/12,2)","=MIN(B44+C44,$B$3-MIN($F$2,F44+G44))",=B44+C44-D44,=I43,"=ROUND(F44*$D$2/100/12,2)","=MIN(F44+G44,$B$3-D44)",=F44+G44-H44
40,=E44,"=ROUND(B45*$D$1/100/12,2)","=MIN(B45+C45,$B$3-MIN($F$2,F45+G45))",=B45+C45-D45,=I44,"=ROUND(F45*$D$2/100/12,2)","=MIN(F45+G45,$B$3-D45)",=F45+G45-H45
41,=E45,"=ROUND(B46*$D$1/100/12,2)","=MIN(B46+C46,$B$3-MIN($F$2,F46+G46))",=B46+C46-D46,=I45,"=ROUND(F46*$D$2/100/12,2)","=MIN(F46+G46,$B$3-D46)",=F46+G46-H46
42,=E46,"=ROUND(B47*$D$1/100/12,2)","=MIN(B47+C47,$B$3-MIN($F$2,F47+G47))",=B47+C47-D47,=I46,"=ROUND(F47*$D$2/100/12,2)","=MIN(F47+G47,$B$3-D47)",=F47+G47-H47
43,=E47,"=ROUND(B48*$D$1/100/12,2)","=MIN(B48+C48,$B$3-MIN($F$2,F48+G48))",=B48+C48-D48,=I47,"=ROUND(F48*$D$2/100/12,2)","=MIN(F48+G48,$B$3-D48)",=F48+G48-H48
44,=E48,"=ROUND(B49*$D$1/100/12,2)","=MIN(B49+C49,$B$3-MIN($F$2,F49+G49))",=B49+C49-D49,=I48,"=ROUND(F49*$D$2/100/12,2)","=MIN(F49+G49,$B$3-D49)",=F49+G49-H49
45,=E49,"=ROUND(B50*$D$1/100/12,2)","=MIN(B50+C50,$B$3-MIN($F$2,F50+G50))",=B50+C50-D50,=I49,"=ROUND(F50*$D$2/100/12,2)","=MIN(F50+G50,$B$3-D50)",=F50+G50-H50
46,=E50,"=ROUND(B51*$D$1/100/12,2)","=MIN(B51+C51,$B$3-MIN($F$2,F51+G51))",=B51+C51-D51,=I50,"=ROUND(F51*$D$2/100/12,2)","=MIN(F51+G51,$B$3-D51)",=F51+G51-H51
47,=E51,"=ROUND(B52*$D$1/100/12,2)","=MIN(B52+C52,$B$3-MIN($F$2,F52+G52))",=B52+C52-D52,=I51,"=ROUND(F52*$D$2/100/12,2)","=MIN(F52+G52,$B$3-D52)",=F52+G52-H52
48,=E52,"=ROUND(B53*$D$1/100/12,2)","=MIN(B53+C53,$B$3-MIN($F$2,F53+G53))",=B53+C53-D53,=I52,"=ROUND(F53*$D$2/100/12,2)","=MIN(F53+G53,$B$3-D53)",=F53+G53-H53
49,=E53,"=ROUND(B54*$D$1/100/12,2)","=MIN(B54+C54,$B$3-MIN($F$2,F54+G54))",=B54+C54-D54,=I53,"=ROUND(F54*$D$2/100/12,2)","=MIN(F54+G54,$B$3-D54)",=F54+G54-H54
50,=E54,"=ROUND(B55*$D$1/100/12,2)","=MIN(B55+C55,$B$3-MIN($F$2,F55+G55))",=B55+C55-D55,=I54,"=ROUND(F55*$D$2/100/12,2)","=MIN(F55+G55,$B$3-D55)",=F55+G55-H55
51,=E55,"=ROUND(B56*$D$1/100/12,2)","=MIN(B56+C56,$B$3-MIN($F$2,F56+G56))",=B56+C56-D56,=I55,"=ROUND(F56*$D$2/100/12,2)","=MIN(F56+G56,$B$3-D56)",=F56+G56-H56
52,=E56,"=ROUND(B57*$D$1/100/12,2)","=MIN(B57+C57,$B$3-MIN($F$2,F57+G57))",=B57+C57-D57,=I56,"=ROUND(F57*$D$2/100/12,2)","=MIN(F57+G57,$B$3-D57)",=F57+G57-H57
53,=E57,"=ROUND(B58*$D$1/100/12,2)","=MIN(B58+C58,$B$3-MIN($F$2,F58+G58))",=B58+C58-D58,=I57,"=ROUND(F58*$D$2/100/12,2)","=MIN(F58+G58,$B$3-D58)",=F58+G58-H58
54,=E58,"=ROUND(B59*$D$1/100/12,2)","=MIN(B59+C59,$B$3-MIN($F$2,F59+G59))",=B59+C59-D59,=I58,"=ROUND(F59*$D$2/100/12,2)","=MIN(F59+G59,$B$3-D59)",=F59+G59-H59
55,=E59,"=ROUND(B60*$D$1/100/12,2)","=MIN(B60+C60,$B$3-MIN($F$2,F60+G60))",=B60+C60-D60,=I59,"=ROUND(F60*$D$2/100/12,2)","=MIN(F60+G60,$B$3-D60)",=F60+G60-H60
56,=E60,"=ROUND(B61*$D$1/100/12,2)","=MIN(B61+C61,$B$3-MIN($F$2,F61+G61))",=B61+C61-D61,=I60,"=ROUND(F61*$D$2/100/12,2)","=MIN(F61+G61,$B$3-D61)",=F61+G61-H61
57,=E61,"=ROUND(B62*$D$1/100/12,2)","=MIN(B62+C62,$B$3-MIN($F$2,F62+G62))",=B62+C62-D62,=I61,"=ROUND(F62*$D$2/100/12,2)","=MIN(F62+G62,$B$3-D62)",=F62+G62-H62
58,=E62,"=ROUND(B63*$D$1/100/12,2)","=MIN(B63+C63,$B$3-MIN($F$2,F63+G63))",=B63+C63-D63,=I62,"=ROUND(F63*$D$2/100/12,2)","=MIN(F63+G63,$B$3-D63)",=F63+G63-H63
59,=E63,"=ROUND(B64*$D$1/100/12,2)","=MIN(B64+C64,$B$3-MIN($F$2,F64+G64))",=B64+C64-D64,=I63,"=ROUND(F64*$D$2/100/12,2)","=MIN(F64+G64,$B$3-D64)",=F64+G64-H64
60,=E64,"=ROUND(B65*$D$1/100/12,2)","=MIN(B65+C65,$B$3-MIN($F$2,F65+G65))",=B65+C65-D65,=I64,"=ROUND(F65*$D$2/100/12,2)","=MIN(F65+G65,$B$3-D65)",=F65+G65-H65

Months to pay off,"=MAX(COUNTIF(D6:D65,"">0""),COUNTIF(H6:H65,"">0""))",,App says,24
Total interest,=SUM(C6:C65)+SUM(G6:G65),,App says,686.93
